CHROM,POS,SYMBOL,Consequence,IMPACT,SIFT,PolyPhen,BLOSUM62,CADD_PHRED,pred,residual
17,56283862,MKS1,intron_variant,MODIFIER,,,,34.0,5.705103,28.294897079467773
17,73520380,TSEN54,synonymous_variant,LOW,,,,29.6,9.005321,20.59467945098877
1,6528320,PLEKHG5,missense_variant,MODERATE,tolerated_low_confidence,benign,,27.8,8.863658,18.93634204864502
13,32915175,BRCA2,missense_variant,MODERATE,tolerated,benign,,23.3,4.648565,18.65143518447876
18,44159694,LOXHD1,missense_variant,MODERATE,tolerated,benign,1.0,28.8,10.2657175,18.53428249359131
17,13980350,COX10,missense_variant,MODERATE,tolerated,benign,1.0,27.0,8.578957,18.421043395996094
15,40457337,BUB1B,missense_variant,MODERATE,deleterious,benign,-1.0,34.0,15.89659,18.10340976715088
6,152443744,SYNE1,missense_variant,MODERATE,,,2.0,24.5,6.727729,17.772271156311035
2,73786188,ALMS1,missense_variant,MODERATE,tolerated,benign,1.0,26.1,8.409362,17.690638160705568
1,197070953,ASPM,missense_variant,MODERATE,tolerated,benign,,23.3,5.8551536,17.444846439361573
16,8905010,PMM2,missense_variant,MODERATE,,,,34.0,16.62427,17.375730514526367
17,41244451,BRCA1,missense_variant,MODERATE,tolerated,benign,1.0,24.4,7.1053677,17.294632339477538
15,38591665,SPRED1,missense_variant,MODERATE,,,3.0,31.0,14.047367,16.952632904052734
16,2140294,PKD1,missense_variant,MODERATE,,,3.0,25.0,8.14071,16.85929012298584
9,113563231,MUSK,missense_variant,MODERATE,,,,34.0,17.214874,16.785125732421875
12,52082559,SCN8A,intron_variant,MODIFIER,,,,23.6,6.832827,16.76717290878296
21,35821733,KCNE1,missense_variant,MODERATE,,,,34.0,17.279987,16.720012664794922
8,65537094,CYP7B1,missense_variant&splice_region_variant,MODERATE,tolerated,benign,2.0,24.6,7.906256,16.693743801116945
5,125887751,ALDH7A1,missense_variant,MODERATE,,,2.0,33.0,16.336056,16.663944244384766
13,32918739,BRCA2,missense_variant,MODERATE,tolerated,benign,2.0,25.4,8.755299,16.644701385498045
18,57364452,CCBE1,missense_variant,MODERATE,tolerated,benign,2.0,26.5,9.902586,16.597414016723633
8,145738669,RECQL4,missense_variant,MODERATE,,,1.0,32.0,15.41127,16.588729858398438
16,2154537,PKD1,missense_variant,MODERATE,,,-1.0,25.6,9.042983,16.557016944885255
3,77629200,ROBO2,missense_variant,MODERATE,,,-3.0,35.0,18.633991,16.366008758544922
13,32911569,BRCA2,missense_variant,MODERATE,tolerated,probably_damaging,2.0,23.6,7.255006,16.344994163513185
5,13708284,DNAH5,missense_variant,MODERATE,tolerated,benign,1.0,28.4,12.228227,16.17177333831787
11,125864206,CDON,missense_variant,MODERATE,tolerated,benign,,23.8,7.650005,16.149995136260987
11,66291279,BBS1,missense_variant,MODERATE,tolerated,benign,3.0,26.2,10.209843,15.990157318115234
5,172662014,NKX2-5,missense_variant,MODERATE,tolerated,benign,-3.0,29.9,13.969235,15.930764579772948
1,10428592,KIF1B,missense_variant,MODERATE,tolerated,benign,-2.0,32.0,16.133131,15.86686897277832
X,139587069,SOX3,missense_variant,MODERATE,tolerated_low_confidence,benign,1.0,25.3,9.436336,15.863664436340333
16,2129166,TSC2,missense_variant,MODERATE,,,3.0,26.2,10.576644,15.623356056213378
19,7600847,PNPLA6,missense_variant,MODERATE,tolerated,benign,,23.2,7.6577587,15.542241287231445
6,112508770,LAMA4,synonymous_variant,LOW,,,,23.7,8.215122,15.484877777099609
10,97388162,ALDH18A1,missense_variant,MODERATE,tolerated,benign,-1.0,25.4,9.94408,15.455919647216795
6,26091179,HFE,missense_variant,MODERATE,tolerated,benign,-1.0,24.4,8.993615,15.406384849548338
12,49578884,TUBA1A,missense_variant,MODERATE,deleterious_low_confidence,benign,,32.0,16.63412,15.36587905883789
12,133196062,P2RX2,missense_variant,MODERATE,,,1.0,34.0,18.73379,15.266210556030273
5,226091,SDHA,missense_variant,MODERATE,,,-2.0,34.0,18.762793,15.237207412719727
17,62045451,SCN4A,missense_variant,MODERATE,tolerated_low_confidence,benign,-1.0,24.9,9.683669,15.216330909729002
15,44944037,SPG11,missense_variant,MODERATE,tolerated,benign,1.0,25.0,9.786894,15.213106155395508
1,229567873,ACTA1,missense_variant,MODERATE,tolerated_low_confidence,benign,2.0,25.2,10.134053,15.065946769714355
13,32914478,BRCA2,missense_variant,MODERATE,tolerated,possibly_damaging,,25.6,10.591925,15.008075332641603
14,92465749,TRIP11,missense_variant,MODERATE,tolerated,benign,,24.5,9.5747175,14.92528247833252
3,46010077,FYCO1,missense_variant,MODERATE,tolerated,benign,1.0,24.1,9.223293,14.876706695556642
17,41243646,BRCA1,missense_variant,MODERATE,tolerated,benign,1.0,23.8,8.938749,14.861250686645509
1,215853640,USH2A,missense_variant,MODERATE,,,,34.0,19.173033,14.826967239379883
7,107204371,COG5,missense_variant,MODERATE,tolerated_low_confidence,benign,,24.1,9.347064,14.75293598175049
18,32443935,DTNA,missense_variant,MODERATE,,,,35.0,20.257961,14.74203872680664
17,17120410,FLCN,synonymous_variant,LOW,,,,23.3,8.56175,14.738249588012696
